<?xml version="1.0" encoding="utf-8"?>
<resources>
    <color name="purple_200">#FFBB86FC</color>
<!--    <color name="green_900">#051094</color>-->
<!--    #27B07C-->
    <color name="green_900">#C49A2E</color>
    <color name="colorred">#FF2D55</color>
    <color name="colorblack">#0F0F0F</color>
    <color name="grey">#808080</color>
    <color name="silver">#C0C0C0</color>
    <color name="purple_500">#efffe0</color>
    <color name="purple_700">#FF3700B3</color>
    <color name="teal_200">#FF03DAC5</color>
    <color name="teal_700">#FF018786</color>
    <color name="black">#FF000000</color>
    <color name="white">#FFFFFFFF</color>
    <color name="textcolor">#C0C0C0</color>
    <color name="whitegrey">#F5F5F5</color>
    <color name="orange">#C49A2E</color>
    <color name="textviewcolor">#836823</color>


</resources>