<resources xmlns:tools="http://schemas.android.com/tools">
    <string name="app_name">Al Arees</string>
    <string name="payment">Enter your payment details</string>

    <string name="home">Home</string>
    <string name="deals">Deals</string>
    <string name="more">More</string>
    <string name="contacts">Contacts</string>
    <!-- TODO: Remove or change this placeholder text -->
    <string name="hello_blank_fragment">Hello blank fragment</string>
    <string name="add">Add</string>
    <string name="cart">Cart</string>
    <string name="placket_back">placket back</string>
    <string name="title_activity_payment_getways">PaymentGetways</string>
    <!-- Strings used for fragments for navigation -->
    <string name="first_fragment_label">First Fragment</string>
    <string name="second_fragment_label">Second Fragment</string>
    <string name="next">Next</string>
    <string name="previous">Previous</string>
    <string name="contact_group">Contact us</string>
    <string name="developed_by">Developed by</string>
    <string name="hello_first_fragment">Hello first fragment</string>
    <string name="hello_second_fragment">Hello second fragment. Arg: %1$s</string>
    <string name="app_description">TailorMate App is designed to help tailors and fashion designers organize jobs and optimize performance. The App keeps track of all your orders, customers data and measurements in a single place. It can be used efficiently by Tailoring shops or Boutiques.</string>
    <string name="_150_n_220"><![CDATA[150 > n < 220 in cm]]></string>
    <string name="succesfully_processed">Your order was successfully placed. Your Payment details is below:</string>
    <string name="channel_name">Al Arees Users</string>
    <string name="channel_description">your order status is changed </string>
    <string name="unstitched">Unstitched</string>
    <string name="name">Name</string>
    <string name="price">Price per meter</string>
    <string name="quantity">Quantity</string>
    <string name="pay">Pay</string>
    <string name="please_wait">Please wait...</string>
    <string name="price_ready">price</string>
    <string name="back">Back</string>
    <string name="congratulation">Congratulation</string>
    <string name="payment_amount">Payment Amount :</string>
    <string name="status">Status :</string>
    <string name="payment_id">Payment Id :</string>
    <string name="continue_shopping">Continue Shopping</string>
    <string name="confirmation">Confirmation</string>
    <string name="select_cuff">Select Cuff</string>
    <string name="select_placket">Select Placket</string>
    <string name="select_pocket">Select Pocket</string>
    <string name="please_waitt">Please Wait</string>
    <string name="processing_your_data">Processing your data</string>
    <string name="readymade">Readymade</string>
    <string name="my_orders">My Orders</string>
    <string name="by_login_you_agree_to_our_terms_and_policy">By login, you agree to our Terms and Policy</string>
    <string name="don_t_have_an_account">Don\'t have an account?</string>
    <string name="sign_up_with_phone_no">Sign up with phone no</string>
    <string name="welcome_back_nyou_ve_been_missed">Welcome back ! <br>you\'ve been missed</br></string>
    <string name="price_per_meter">Price per meter</string>
    <string name="select_collar">Select Collar</string>
    <string name="how_to_take_photos">HOW TO TAKE PHOTOS</string>
    <string name="replay">Replay</string>
    <string name="my_shopping_cart">My Shopping Cart</string>
    <string name="please_enter_your_email_address_to_reset_your_password_you_will_get_password_reset_link_into_your_email_address_thanks">Please Enter your email address to reset your password. You will get password reset link in your email address.\n Thankyou.</string>
    <string name="my_measurement">My Measurement</string>
    <string name="basic_lengths">Basic Lengths</string>
    <string name="side_lengths">Side Lengths</string>
    <string name="font_lengths">Font Lengths</string>
    <string name="first_name">First Name</string>
    <string name="last_name">Last Name</string>
    <string name="height">Height</string>
    <string name="weight">Weight</string>
    <string name="email_address">Email</string>
    <string name="password">Password</string>
    <string name="phone_no">Phone no</string>
    <string name="address">Address</string>
    <string name="forgot_password">Forgot Password?</string>
    <string name="SignIn">Sign in</string>
    <string name="by_signing_up_you_agree_to_our_terms_and_policy">By signing up, you agree to our Terms and Policy</string>
    <string name="aboutus">About us</string>
    <string name="update_your_account">Update your Account!</string>
    <string name="dealss">Deals</string>
    <string name="Update">Update</string>
    <string name="Create_your_account">Create your Account!</string>
    <string name="do_you_really_want_to_update_your_account">Do you really want to update your account?</string>
    <string name="mymeasurement">My Measurement</string>
    <string name="Signup">Sign up</string>
    <string name="ustiched">Unstitched</string>
    <string name="account">My Account</string>
    <string name="language">Language</string>
    <string name="languagedes">Which language you would like to use in app by default english langauge is selected. you can change your langauage below.</string>
    <string name="your_cart_is_empty">Your Cart is empty</string>
    <string name="langaugechangesucess">Language is successfully changed</string>
    <string name="toast_msg_create_account">Please create your account first</string>
    <string name="take_front_photo">TAKE FRONT PHOTO</string>
    <string name="take_side_photo">TAKE SIDE PHOTO</string>
    <string name="let_s_start">Let\'s Start</string>


</resources>